<?xml version="1.0" encoding="UTF-8"?>
<con:soapui-project id="0f999705-6cce-47e9-857d-efeb49295535" activeEnvironment="Default" name="REST Project 4" soapui-version="5.5.0" abortOnError="false" runType="SEQUENTIAL" resourceRoot="${projectDir}" xmlns:con="http://eviware.com/soapui/config"><con:settings/><con:interface xsi:type="con:RestService" id="db176fd1-948a-449d-bb61-98da63a7fd60" wadlVersion="http://wadl.dev.java.net/2009/02" name="https://reqres.in" type="rest" xmlns:xsi="http://www.w3.org/2001/XMLSchema-instance"><con:settings/><con:definitionCache/><con:endpoints><con:endpoint>https://reqres.in</con:endpoint></con:endpoints><con:resource name="Input" path="/api/users/1" id="dbeff225-899c-4e47-a537-946c5cad0902"><con:settings/><con:parameters><con:parameter><con:name>Input</con:name><con:value>Input</con:value><con:style>TEMPLATE</con:style><con:default>Input</con:default><con:path xsi:nil="true"/><con:description xsi:nil="true"/></con:parameter></con:parameters><con:method name="Input 1" id="886c7b64-baa6-472d-bf45-5716991bfcc2" method="PUT"><con:settings/><con:parameters/><con:representation type="RESPONSE"><con:mediaType>application/json; charset=utf-8</con:mediaType><con:status>200</con:status><con:params/><con:element xmlns:inp="https://reqres.in/api/users/Input">inp:Response</con:element></con:representation><con:representation type="REQUEST"><con:mediaType>application/json</con:mediaType><con:params/></con:representation><con:request name="Request 1" id="65edbb38-956b-4ae7-8469-01f713f95702" mediaType="application/json" postQueryString="false"><con:settings><con:setting id="com.eviware.soapui.impl.wsdl.WsdlRequest@request-headers">&lt;xml-fragment/></con:setting></con:settings><con:endpoint>https://reqres.in</con:endpoint><con:request>{
    "name": "morpheus",
    "job": "associate"
}</con:request><con:originalUri>https://reqres.in/api/users/Input</con:originalUri><con:credentials><con:authType>No Authorization</con:authType></con:credentials><con:jmsConfig JMSDeliveryMode="PERSISTENT"/><con:jmsPropertyConfig/><con:parameters><entry key="Input" value="Input" xmlns="http://eviware.com/soapui/config"/></con:parameters><con:parameterOrder><con:entry>Input</con:entry></con:parameterOrder></con:request></con:method></con:resource></con:interface><con:properties/><con:wssContainer/><con:oAuth2ProfileContainer/><con:oAuth1ProfileContainer/></con:soapui-project>