<?xml version="1.0" encoding="UTF-8"?>
<con:soapui-project id="60080903-6112-4397-b0a2-dc067455c840" activeEnvironment="Default" name="REST Project 5" soapui-version="5.5.0" abortOnError="false" runType="SEQUENTIAL" resourceRoot="${projectDir}" xmlns:con="http://eviware.com/soapui/config"><con:settings/><con:interface xsi:type="con:RestService" id="ca762240-d749-4b46-9d87-e8db35d3dc7d" wadlVersion="http://wadl.dev.java.net/2009/02" name="https://reqres.in" type="rest" xmlns:xsi="http://www.w3.org/2001/XMLSchema-instance"><con:settings/><con:definitionCache/><con:endpoints><con:endpoint>https://reqres.in</con:endpoint></con:endpoints><con:resource name="1" path="/api/users/1" id="8a87a550-11b8-41c0-8c2b-d3b45e28bb68"><con:settings/><con:parameters/><con:method name="1 1" id="dccec35f-bbca-4c11-ab33-f195712b8b4a" method="DELETE"><con:settings/><con:parameters/><con:representation type="RESPONSE"><con:mediaType xsi:nil="true"/><con:status>204</con:status><con:params/><con:element>data</con:element></con:representation><con:representation type="REQUEST"><con:mediaType>application/json</con:mediaType><con:params/></con:representation><con:request name="Request 1" id="dc269d20-3e8f-4181-88b4-1a44c7ac091d" mediaType="application/json" postQueryString="false"><con:settings><con:setting id="com.eviware.soapui.impl.wsdl.WsdlRequest@request-headers">&lt;xml-fragment/></con:setting></con:settings><con:endpoint>https://reqres.in</con:endpoint><con:request>{
    "name": "morpheus",
    "job": "associate"
}</con:request><con:originalUri>https://reqres.in/api/users/1</con:originalUri><con:credentials><con:authType>No Authorization</con:authType></con:credentials><con:jmsConfig JMSDeliveryMode="PERSISTENT"/><con:jmsPropertyConfig/><con:parameters/><con:parameterOrder/></con:request></con:method></con:resource></con:interface><con:properties/><con:wssContainer/><con:oAuth2ProfileContainer/><con:oAuth1ProfileContainer/></con:soapui-project>