<?xml version="1.0" encoding="UTF-8"?>
<con:soapui-project id="24aa87a2-f9fb-4542-a119-5f53c209a215" activeEnvironment="Default" name="REST Project 3" soapui-version="5.5.0" abortOnError="false" runType="SEQUENTIAL" resourceRoot="${projectDir}" xmlns:con="http://eviware.com/soapui/config"><con:settings/><con:interface xsi:type="con:RestService" id="2a829c68-3444-43ea-ab2f-8246cd2567c2" wadlVersion="http://wadl.dev.java.net/2009/02" name="https://reqres.in" type="rest" xmlns:xsi="http://www.w3.org/2001/XMLSchema-instance"><con:settings/><con:definitionCache/><con:endpoints><con:endpoint>https://reqres.in</con:endpoint></con:endpoints><con:resource name="1" path="/api/users/1" id="5e5f7c57-4fe4-4f99-9bb7-b836bb22c54c"><con:settings/><con:parameters><con:parameter><con:name>page</con:name><con:value/><con:style>QUERY</con:style><con:default/><con:description xsi:nil="true"/></con:parameter></con:parameters><con:method name="1 1" id="2d8b6af0-3698-464c-97fa-98ff24151e6f" method="GET"><con:settings/><con:parameters/><con:representation type="RESPONSE"><con:mediaType>application/json; charset=utf-8</con:mediaType><con:status>200</con:status><con:params/><con:element xmlns:ns="https://reqres.in/api/users/1">ns:Response</con:element></con:representation><con:request name="Request 1" id="e28c77d9-1d06-400e-914f-36572719afe8" mediaType="application/json"><con:settings><con:setting id="com.eviware.soapui.impl.wsdl.WsdlRequest@request-headers">&lt;xml-fragment/></con:setting></con:settings><con:endpoint>https://reqres.in</con:endpoint><con:request/><con:originalUri>https://reqres.in/api/users/1</con:originalUri><con:credentials><con:authType>No Authorization</con:authType></con:credentials><con:jmsConfig JMSDeliveryMode="PERSISTENT"/><con:jmsPropertyConfig/><con:parameters><entry key="page" value="2" xmlns="http://eviware.com/soapui/config"/></con:parameters><con:parameterOrder><con:entry>page</con:entry></con:parameterOrder></con:request></con:method></con:resource></con:interface><con:properties/><con:wssContainer/><con:oAuth2ProfileContainer/><con:oAuth1ProfileContainer/></con:soapui-project>