<?xml version="1.0" encoding="UTF-8"?>
<con:soapui-project id="7f772620-aaa5-4c9c-9aca-763c4ce577f1" activeEnvironment="Default" name="REST Project 1" soapui-version="5.5.0" abortOnError="false" runType="SEQUENTIAL" resourceRoot="${projectDir}" xmlns:con="http://eviware.com/soapui/config"><con:settings/><con:interface xsi:type="con:RestService" id="73ff15f3-d931-4586-a4a1-42818ea0a1bc" wadlVersion="http://wadl.dev.java.net/2009/02" name="https://reqres.in" type="rest" xmlns:xsi="http://www.w3.org/2001/XMLSchema-instance"><con:settings/><con:definitionCache/><con:endpoints><con:endpoint>https://reqres.in</con:endpoint></con:endpoints><con:resource name="Users" path="/api/users" id="0bdbb74b-3d7b-470c-97de-7b2b773821f9"><con:settings/><con:parameters/><con:method name="Users 1" id="37656061-3d68-4926-ab4a-adab7b3107b8" method="POST"><con:settings/><con:parameters/><con:representation type="RESPONSE"><con:mediaType>application/json; charset=utf-8</con:mediaType><con:status>201</con:status><con:params/><con:element xmlns:user="https://reqres.in/api/users">user:Response</con:element></con:representation><con:representation type="REQUEST"><con:mediaType>application/json</con:mediaType><con:params/></con:representation><con:request name="Request 1" id="079f6ab4-2119-4667-b7e3-dec57efe5c55" mediaType="application/json" postQueryString="false"><con:settings><con:setting id="com.eviware.soapui.impl.wsdl.WsdlRequest@request-headers">&lt;xml-fragment/></con:setting></con:settings><con:endpoint>https://reqres.in</con:endpoint><con:request>{
    "name": "morpheus",
    "job": "leader"
}</con:request><con:originalUri>https://reqres.in/api/users</con:originalUri><con:credentials><con:authType>No Authorization</con:authType></con:credentials><con:jmsConfig JMSDeliveryMode="PERSISTENT"/><con:jmsPropertyConfig/><con:parameters/></con:request></con:method></con:resource></con:interface><con:testSuite id="6e1fb30c-3b6a-4efe-a0c5-63d60c05c5fc" name="TestSuite 1"><con:settings/><con:runType>SEQUENTIAL</con:runType><con:testCase id="e880100e-b731-43d3-aeaa-fe5f4bd420da" failOnError="true" failTestCaseOnErrors="true" keepSession="false" maxResults="0" name="TestCase 1" searchProperties="true"><con:settings/><con:testStep type="groovy" name="Groovy Script" id="8904edc5-f814-45a4-b86b-14283670c9f6"><con:settings/><con:config><script>import jxl.*
import jxl.write.*
import com.eviware.soapui.support.XmlHolder
Workbook workbook = Workbook.getWorkbook(new File("c:\\SoapUI Data\\name.xls"))
Sheet sheet = workbook.getSheet(0)
def rowCount = sheet.getRows()
def colCount = sheet.getColumns()

for (i=0; i&lt;rowCount; i++){
valCellContents=sheet.getCell(0,i) //Read 1st col, row i from Excel
cellContents=valCellContents.getContents()  //This is the number
def number = cellContents.toString() 
valWordContents=sheet.getCell(1,i) //Read col i, 1st row
wordContents=valWordContents.getContents() //This is the Expected Result
def expectedWord = wordContents.toString()

//log.info("Number = " +number)  
//log.info("Expected word = "+expectedWord)

//Set the variable in the Request
testRunner.testCase.setPropertyValue("NameSent",number)
//Set the variable used in the Assertion
testRunner.testCase.setPropertyValue("JobSent",JobSent)

}
workbook.close()
</script></con:config></con:testStep><con:testStep type="restrequest" name="Users 1 - Request 1" id="b5625656-2f72-476b-931f-09155c1a42fc"><con:settings/><con:config service="https://reqres.in" resourcePath="/api/users" methodName="Users 1" xsi:type="con:RestRequestStep" xmlns:xsi="http://www.w3.org/2001/XMLSchema-instance"><con:restRequest name="Users 1 - Request 1" id="079f6ab4-2119-4667-b7e3-dec57efe5c55" mediaType="application/json" postQueryString="false"><con:settings><con:setting id="com.eviware.soapui.impl.wsdl.WsdlRequest@request-headers">&lt;xml-fragment/></con:setting></con:settings><con:endpoint>https://reqres.in</con:endpoint><con:request>{
    "name": "${#TestCase#NameSent}",
    "job": "${#TestCase#JobSent}"
}</con:request><con:originalUri>https://reqres.in/api/users</con:originalUri><con:credentials><con:authType>No Authorization</con:authType></con:credentials><con:jmsConfig JMSDeliveryMode="PERSISTENT"/><con:jmsPropertyConfig/><con:parameters/></con:restRequest></con:config></con:testStep><con:properties/></con:testCase><con:properties/></con:testSuite><con:properties/><con:wssContainer/><con:oAuth2ProfileContainer/><con:oAuth1ProfileContainer/></con:soapui-project>