<?xml version="1.0" encoding="UTF-8"?>
<con:soapui-project id="b69b2599-483a-46c3-aeb9-58cd4cd0153c" activeEnvironment="Default" name="REST Project 4" resourceRoot="${projectDir}" soapui-version="5.5.0" abortOnError="false" runType="SEQUENTIAL" xmlns:con="http://eviware.com/soapui/config"><con:settings/><con:interface xsi:type="con:RestService" id="de11c99c-a9bd-4a5f-8f63-fb1790434790" wadlVersion="http://wadl.dev.java.net/2009/02" name="https://reqres.in" type="rest" xmlns:xsi="http://www.w3.org/2001/XMLSchema-instance"><con:settings/><con:definitionCache/><con:endpoints><con:endpoint>https://reqres.in</con:endpoint></con:endpoints><con:resource name="Users" path="/api/users" id="82d4a52e-a777-480e-995b-dd9deb2f6072"><con:settings/><con:parameters><con:parameter><con:name>page</con:name><con:value>{Input}</con:value><con:style>QUERY</con:style><con:default>{Input}</con:default><con:path xsi:nil="true"/><con:description xsi:nil="true"/></con:parameter></con:parameters><con:method name="Users 1" id="d6e1e813-beca-41ec-b781-4a30fddb2cd2" method="GET"><con:settings/><con:parameters/><con:representation type="RESPONSE"><con:mediaType>application/json; charset=utf-8</con:mediaType><con:status>200</con:status><con:params/><con:element xmlns:user="https://reqres.in/api/users">user:Response</con:element></con:representation><con:request name="Request 1" id="a904ff75-f8f5-4e43-a500-9bf8d06cb4a4" mediaType="application/json"><con:settings><con:setting id="com.eviware.soapui.impl.wsdl.WsdlRequest@request-headers">&lt;xml-fragment/></con:setting></con:settings><con:endpoint>https://reqres.in</con:endpoint><con:request/><con:originalUri>https://reqres.in/api/users</con:originalUri><con:credentials><con:authType>No Authorization</con:authType></con:credentials><con:jmsConfig JMSDeliveryMode="PERSISTENT"/><con:jmsPropertyConfig/><con:parameters><entry key="page" value="1" xmlns="http://eviware.com/soapui/config"/></con:parameters><con:parameterOrder><con:entry>page</con:entry></con:parameterOrder></con:request></con:method></con:resource></con:interface><con:properties/><con:wssContainer/><con:oAuth2ProfileContainer/><con:oAuth1ProfileContainer/></con:soapui-project>