<?xml version="1.0" encoding="UTF-8"?>
<con:soapui-project id="0f999705-6cce-47e9-857d-efeb49295535" activeEnvironment="Default" name="REST Project 2" soapui-version="5.5.0" abortOnError="false" runType="SEQUENTIAL" resourceRoot="${projectDir}" xmlns:con="http://eviware.com/soapui/config"><con:settings/><con:interface xsi:type="con:RestService" id="db176fd1-948a-449d-bb61-98da63a7fd60" wadlVersion="http://wadl.dev.java.net/2009/02" name="https://reqres.in" type="rest" xmlns:xsi="http://www.w3.org/2001/XMLSchema-instance"><con:settings/><con:definitionCache/><con:endpoints><con:endpoint>https://reqres.in</con:endpoint></con:endpoints><con:resource name="Input" path="/api/users/1" id="dbeff225-899c-4e47-a537-946c5cad0902"><con:settings/><con:parameters><con:parameter><con:name>Input</con:name><con:value>Input</con:value><con:style>TEMPLATE</con:style><con:default>Input</con:default><con:path xsi:nil="true"/><con:description xsi:nil="true"/></con:parameter></con:parameters><con:method name="Input 1" id="886c7b64-baa6-472d-bf45-5716991bfcc2" method="PUT"><con:settings/><con:parameters/><con:representation type="RESPONSE"><con:mediaType>application/json; charset=utf-8</con:mediaType><con:status>200</con:status><con:params/><con:element xmlns:inp="https://reqres.in/api/users/Input">inp:Response</con:element></con:representation><con:representation type="REQUEST"><con:mediaType>application/json</con:mediaType><con:params/></con:representation><con:request name="Request 1" id="65edbb38-956b-4ae7-8469-01f713f95702" mediaType="application/json" postQueryString="false"><con:settings><con:setting id="com.eviware.soapui.impl.wsdl.WsdlRequest@request-headers">&lt;xml-fragment/></con:setting></con:settings><con:endpoint>https://reqres.in</con:endpoint><con:request>{
    "name": "morpheus",
    "job": "associate"
}</con:request><con:originalUri>https://reqres.in/api/users/Input</con:originalUri><con:credentials><con:authType>No Authorization</con:authType></con:credentials><con:jmsConfig JMSDeliveryMode="PERSISTENT"/><con:jmsPropertyConfig/><con:parameters><entry key="Input" value="Input" xmlns="http://eviware.com/soapui/config"/></con:parameters><con:parameterOrder><con:entry>Input</con:entry></con:parameterOrder></con:request></con:method></con:resource></con:interface><con:testSuite id="61f3d474-1936-47f4-8bfb-fcc5f3016878" name="TestSuite 2"><con:settings/><con:runType>SEQUENTIAL</con:runType><con:testCase id="7654802f-4c83-4379-8c80-ed6f55eff72e" failOnError="true" failTestCaseOnErrors="true" keepSession="false" maxResults="0" name="TestCase 2" searchProperties="true"><con:settings/><con:testStep type="restrequest" name="Input 2 - Request 2" id="317fd840-cc78-4aa0-9281-1ec72550e9e3"><con:settings/><con:config service="https://reqres.in" resourcePath="/api/users/1" methodName="Input 1" xsi:type="con:RestRequestStep" xmlns:xsi="http://www.w3.org/2001/XMLSchema-instance"><con:restRequest name="Input 2 - Request 2" id="65edbb38-956b-4ae7-8469-01f713f95702" mediaType="application/json" postQueryString="false"><con:settings><con:setting id="com.eviware.soapui.impl.wsdl.WsdlRequest@request-headers">&lt;xml-fragment/></con:setting></con:settings><con:endpoint>https://reqres.in</con:endpoint><con:request>{
    "name": "morpheus",
    "job": "${#TestCase#JobSent}"
}</con:request><con:originalUri>https://reqres.in/api/users/Input</con:originalUri><con:credentials><con:authType>No Authorization</con:authType></con:credentials><con:jmsConfig JMSDeliveryMode="PERSISTENT"/><con:jmsPropertyConfig/><con:parameters><entry key="Input" value="Input" xmlns="http://eviware.com/soapui/config"/></con:parameters><con:parameterOrder><con:entry>Input</con:entry></con:parameterOrder></con:restRequest></con:config></con:testStep><con:testStep type="groovy" name="Groovy Script" id="6be7f3c1-1a0d-4cd3-b483-3249b6b7de5a"><con:settings/><con:config><script>import jxl.*
import jxl.write.*
import com.eviware.soapui.support.XmlHolder
Workbook workbook = Workbook.getWorkbook(new File("c:\\SoapUI Data\\job.xls"))
Sheet sheet = workbook.getSheet(0)
def rowCount = sheet.getRows()
def colCount = sheet.getColumns()

for (i=0; i&lt;rowCount; i++)
{
def number = cellContents.toString() 
valWordContents=sheet.getCell(1,i) //Read col i, 1st row
wordContents=valWordContents.getContents() //This is the Expected Result
def expectedWord = wordContents.toString()

//log.info("Number = " +number)  
//log.info("Expected word = "+expectedWord)

testRunner.testCase.setPropertyValue("JobSent",JobSent)

}
workbook.close()


</script></con:config></con:testStep><con:properties/></con:testCase><con:properties/></con:testSuite><con:properties/><con:wssContainer/><con:oAuth2ProfileContainer/><con:oAuth1ProfileContainer/></con:soapui-project>