{
	"info": {
		"_postman_id": "db19bca7-1e02-456b-afcd-de3afefba285",
		"name": "TAsk3.1",
		"schema": "https://schema.getpostman.com/json/collection/v2.1.0/collection.json"
	},
	"item": [
		{
			"name": "https://reqres.in/api/users",
			"request": {
				"method": "PUT",
				"header": [],
				"body": {
					"mode": "raw",
					"raw": "{\r\n    \"name\": \"morpheus\",\r\n    \"job\": \"associate\"\r\n}",
					"options": {
						"raw": {
							"language": "json"
						}
					}
				},
				"url": {
					"raw": "https://reqres.in/api/users",
					"protocol": "https",
					"host": [
						"reqres",
						"in"
					],
					"path": [
						"api",
						"users"
					]
				}
			},
			"response": []
		}
	],
	"protocolProfileBehavior": {}
}