{
	"info": {
		"_postman_id": "0212babc-0e52-4d64-9722-c7a92a2255ba",
		"name": "Task3.3",
		"schema": "https://schema.getpostman.com/json/collection/v2.1.0/collection.json"
	},
	"item": [
		{
			"name": "https://reqres.in/api/users2?id=2",
			"protocolProfileBehavior": {
				"disableBodyPruning": true
			},
			"request": {
				"method": "GET",
				"header": [],
				"body": {
					"mode": "raw",
					"raw": "{\r\n    \"name\": \"morpheus\",\r\n    \"job\": \"associate\"\r\n}",
					"options": {
						"raw": {
							"language": "json"
						}
					}
				},
				"url": {
					"raw": "https://reqres.in/api/users2?id=2",
					"protocol": "https",
					"host": [
						"reqres",
						"in"
					],
					"path": [
						"api",
						"users2"
					],
					"query": [
						{
							"key": "id",
							"value": "2"
						}
					]
				}
			},
			"response": []
		}
	],
	"protocolProfileBehavior": {}
}