{
	"info": {
		"_postman_id": "e8eec584-08a9-4906-b177-8b7f0afd7a46",
		"name": "Task3.4",
		"schema": "https://schema.getpostman.com/json/collection/v2.1.0/collection.json"
	},
	"item": [
		{
			"name": "https://reqres.in/api/users?page=2",
			"request": {
				"method": "GET",
				"header": [],
				"url": {
					"raw": "https://reqres.in/api/users?page=2",
					"protocol": "https",
					"host": [
						"reqres",
						"in"
					],
					"path": [
						"api",
						"users"
					],
					"query": [
						{
							"key": "page",
							"value": "2"
						}
					]
				}
			},
			"response": []
		}
	],
	"protocolProfileBehavior": {}
}